<?xml version="1.0" encoding="UTF-8"?>
<HyperLifeInput profile="Basic" version="2021.1.0.28">
  <Preferences>
    <RainflowDataOutput>True</RainflowDataOutput>
    <EventWiseResult>False</EventWiseResult>
  </Preferences>

  <InputFiles>
    <ModelFile>E:/00_program/K9MD_Q4/K9MD_dw0353_Static_rev01_211220_modal_superposion.h3d</ModelFile>
    <ResultFile>E:/00_program/K9MD_Q4/K9MD_dw0353_Static_rev01_211220_modal_superposion.h3d</ResultFile>
  </InputFiles>
  
  <UserSet></UserSet>

  <DerivedLoadcase>C:/Users/zheng.bingfeng/Downloads/hyperlife_xml_edit_07/hyperlife_v01.cfg</DerivedLoadcase>

  <ModelConfig type="SN" unit="MPA">
    <method>Uni Axial</method>
    <stresscombination>Abs Max Principal</stresscombination>
    <survivalfactor>0.5</survivalfactor>
    <correction>GOODMAN</correction>
    <layer>Worst</layer>
    <typeofloading>Time Series</typeofloading>
  </ModelConfig>

  <MaterialSetup type="SN">
    <UserMaterialFile></UserMaterialFile>
    <ExcludeSets></ExcludeSets>
  </MaterialSetup>

  <LoadMap>
    <Channel>
      
<tabfat id="1" type="Time Data">D:/04_FastCalc/K9MD_HyperLife/Q_1.rsp</tabfat>


    </Channel>
    <FatigeEvents>

<Event Configuration="superposition" Gate="0" id="1" name="event_auto_1_Q_1">
<Fatload LDM="1" Offset="0" Scale="1" block="1" resultfile="" sim="1" subcase="1001" tabfatId="1" tabfatName=""></Fatload>
<Fatload LDM="1" Offset="0" Scale="1" block="2" resultfile="" sim="2" subcase="1001" tabfatId="1" tabfatName=""></Fatload>
<Fatload LDM="1" Offset="0" Scale="1" block="3" resultfile="" sim="3" subcase="1001" tabfatId="1" tabfatName=""></Fatload>
<Fatload LDM="1" Offset="0" Scale="1" block="4" resultfile="" sim="4" subcase="1001" tabfatId="1" tabfatName=""></Fatload>
<Fatload LDM="1" Offset="0" Scale="1" block="5" resultfile="" sim="5" subcase="1001" tabfatId="1" tabfatName=""></Fatload>
<Fatload LDM="1" Offset="0" Scale="1" block="6" resultfile="" sim="6" subcase="1001" tabfatId="1" tabfatName=""></Fatload>
<Fatload LDM="1" Offset="0" Scale="1" block="7" resultfile="" sim="7" subcase="1001" tabfatId="1" tabfatName=""></Fatload>
<Fatload LDM="1" Offset="0" Scale="1" block="8" resultfile="" sim="8" subcase="1001" tabfatId="1" tabfatName=""></Fatload>
<Fatload LDM="1" Offset="0" Scale="1" block="9" resultfile="" sim="9" subcase="1001" tabfatId="1" tabfatName=""></Fatload>
<Fatload LDM="1" Offset="0" Scale="1" block="10" resultfile="" sim="10" subcase="1001" tabfatId="1" tabfatName=""></Fatload>
<Fatload LDM="1" Offset="0" Scale="1" block="11" resultfile="" sim="11" subcase="1001" tabfatId="1" tabfatName=""></Fatload>
<Fatload LDM="1" Offset="0" Scale="1" block="12" resultfile="" sim="12" subcase="1001" tabfatId="1" tabfatName=""></Fatload>
<Fatload LDM="1" Offset="0" Scale="1" block="13" resultfile="" sim="13" subcase="1001" tabfatId="1" tabfatName=""></Fatload>
<Fatload LDM="1" Offset="0" Scale="1" block="14" resultfile="" sim="14" subcase="1001" tabfatId="1" tabfatName=""></Fatload>
<Fatload LDM="1" Offset="0" Scale="1" block="15" resultfile="" sim="15" subcase="1001" tabfatId="1" tabfatName=""></Fatload>
<Fatload LDM="1" Offset="0" Scale="1" block="16" resultfile="" sim="16" subcase="1001" tabfatId="1" tabfatName=""></Fatload>
<Fatload LDM="1" Offset="0" Scale="1" block="17" resultfile="" sim="17" subcase="1001" tabfatId="1" tabfatName=""></Fatload>
<Fatload LDM="1" Offset="0" Scale="1" block="18" resultfile="" sim="18" subcase="1001" tabfatId="1" tabfatName=""></Fatload>
<Fatload LDM="1" Offset="0" Scale="1" block="19" resultfile="" sim="19" subcase="1001" tabfatId="1" tabfatName=""></Fatload>
<Fatload LDM="1" Offset="0" Scale="1" block="20" resultfile="" sim="20" subcase="1001" tabfatId="1" tabfatName=""></Fatload>
<Fatload LDM="1" Offset="0" Scale="1" block="21" resultfile="" sim="21" subcase="1001" tabfatId="1" tabfatName=""></Fatload>
<Fatload LDM="1" Offset="0" Scale="1" block="22" resultfile="" sim="22" subcase="1001" tabfatId="1" tabfatName=""></Fatload>
<Fatload LDM="1" Offset="0" Scale="1" block="23" resultfile="" sim="23" subcase="1001" tabfatId="1" tabfatName=""></Fatload>
<Fatload LDM="1" Offset="0" Scale="1" block="24" resultfile="" sim="24" subcase="1001" tabfatId="1" tabfatName=""></Fatload>
<Fatload LDM="1" Offset="0" Scale="1" block="25" resultfile="" sim="25" subcase="1001" tabfatId="1" tabfatName=""></Fatload>
<Fatload LDM="1" Offset="0" Scale="1" block="26" resultfile="" sim="26" subcase="1001" tabfatId="1" tabfatName=""></Fatload>
<Fatload LDM="1" Offset="0" Scale="1" block="27" resultfile="" sim="27" subcase="1001" tabfatId="1" tabfatName=""></Fatload>
<Fatload LDM="1" Offset="0" Scale="1" block="28" resultfile="" sim="28" subcase="1001" tabfatId="1" tabfatName=""></Fatload>
<Fatload LDM="1" Offset="0" Scale="1" block="29" resultfile="" sim="29" subcase="1001" tabfatId="1" tabfatName=""></Fatload>
<Fatload LDM="1" Offset="0" Scale="1" block="30" resultfile="" sim="30" subcase="1001" tabfatId="1" tabfatName=""></Fatload>
<Fatload LDM="1" Offset="0" Scale="1" block="31" resultfile="" sim="31" subcase="1001" tabfatId="1" tabfatName=""></Fatload>
<Fatload LDM="1" Offset="0" Scale="1" block="32" resultfile="" sim="32" subcase="1001" tabfatId="1" tabfatName=""></Fatload>
<Fatload LDM="1" Offset="0" Scale="1" block="33" resultfile="" sim="33" subcase="1001" tabfatId="1" tabfatName=""></Fatload>
<Fatload LDM="1" Offset="0" Scale="1" block="34" resultfile="" sim="34" subcase="1001" tabfatId="1" tabfatName=""></Fatload>
<Fatload LDM="1" Offset="0" Scale="1" block="35" resultfile="" sim="35" subcase="1001" tabfatId="1" tabfatName=""></Fatload>
<Fatload LDM="1" Offset="0" Scale="1" block="36" resultfile="" sim="36" subcase="1001" tabfatId="1" tabfatName=""></Fatload>
<Fatload LDM="1" Offset="0" Scale="1" block="37" resultfile="" sim="37" subcase="1001" tabfatId="1" tabfatName=""></Fatload>
<Fatload LDM="1" Offset="0" Scale="1" block="38" resultfile="" sim="38" subcase="1001" tabfatId="1" tabfatName=""></Fatload>
<Fatload LDM="1" Offset="0" Scale="1" block="39" resultfile="" sim="39" subcase="1001" tabfatId="1" tabfatName=""></Fatload>
<Fatload LDM="1" Offset="0" Scale="1" block="40" resultfile="" sim="40" subcase="1001" tabfatId="1" tabfatName=""></Fatload>
<Fatload LDM="1" Offset="0" Scale="1" block="41" resultfile="" sim="41" subcase="1001" tabfatId="1" tabfatName=""></Fatload>
<Fatload LDM="1" Offset="0" Scale="1" block="42" resultfile="" sim="42" subcase="1001" tabfatId="1" tabfatName=""></Fatload>
<Fatload LDM="1" Offset="0" Scale="1" block="43" resultfile="" sim="43" subcase="1001" tabfatId="1" tabfatName=""></Fatload>
<Fatload LDM="1" Offset="0" Scale="1" block="44" resultfile="" sim="44" subcase="1001" tabfatId="1" tabfatName=""></Fatload>
<Fatload LDM="1" Offset="0" Scale="1" block="45" resultfile="" sim="45" subcase="1001" tabfatId="1" tabfatName=""></Fatload>
<Fatload LDM="1" Offset="0" Scale="1" block="46" resultfile="" sim="46" subcase="1001" tabfatId="1" tabfatName=""></Fatload>
<Fatload LDM="1" Offset="0" Scale="1" block="47" resultfile="" sim="47" subcase="1001" tabfatId="1" tabfatName=""></Fatload>
<Fatload LDM="1" Offset="0" Scale="1" block="48" resultfile="" sim="48" subcase="1001" tabfatId="1" tabfatName=""></Fatload>
<Fatload LDM="1" Offset="0" Scale="1" block="49" resultfile="" sim="49" subcase="1001" tabfatId="1" tabfatName=""></Fatload>
<Fatload LDM="1" Offset="0" Scale="1" block="50" resultfile="" sim="50" subcase="1001" tabfatId="1" tabfatName=""></Fatload>
<Fatload LDM="1" Offset="0" Scale="1" block="51" resultfile="" sim="51" subcase="1001" tabfatId="1" tabfatName=""></Fatload>
<Fatload LDM="1" Offset="0" Scale="1" block="52" resultfile="" sim="52" subcase="1001" tabfatId="1" tabfatName=""></Fatload>
<Fatload LDM="1" Offset="0" Scale="1" block="53" resultfile="" sim="53" subcase="1001" tabfatId="1" tabfatName=""></Fatload>
<Fatload LDM="1" Offset="0" Scale="1" block="54" resultfile="" sim="54" subcase="1001" tabfatId="1" tabfatName=""></Fatload>
<Fatload LDM="1" Offset="0" Scale="1" block="55" resultfile="" sim="55" subcase="1001" tabfatId="1" tabfatName=""></Fatload>
<Fatload LDM="1" Offset="0" Scale="1" block="56" resultfile="" sim="56" subcase="1001" tabfatId="1" tabfatName=""></Fatload>
<Fatload LDM="1" Offset="0" Scale="1" block="57" resultfile="" sim="57" subcase="1001" tabfatId="1" tabfatName=""></Fatload>
<Fatload LDM="1" Offset="0" Scale="1" block="58" resultfile="" sim="58" subcase="1001" tabfatId="1" tabfatName=""></Fatload>
<Fatload LDM="1" Offset="0" Scale="1" block="59" resultfile="" sim="59" subcase="1001" tabfatId="1" tabfatName=""></Fatload>
<Fatload LDM="1" Offset="0" Scale="1" block="60" resultfile="" sim="60" subcase="1001" tabfatId="1" tabfatName=""></Fatload>
<Fatload LDM="1" Offset="0" Scale="1" block="61" resultfile="" sim="61" subcase="1001" tabfatId="1" tabfatName=""></Fatload>
<Fatload LDM="1" Offset="0" Scale="1" block="62" resultfile="" sim="62" subcase="1001" tabfatId="1" tabfatName=""></Fatload>
<Fatload LDM="1" Offset="0" Scale="1" block="63" resultfile="" sim="63" subcase="1001" tabfatId="1" tabfatName=""></Fatload>
<Fatload LDM="1" Offset="0" Scale="1" block="64" resultfile="" sim="64" subcase="1001" tabfatId="1" tabfatName=""></Fatload>
<Fatload LDM="1" Offset="0" Scale="1" block="65" resultfile="" sim="65" subcase="1001" tabfatId="1" tabfatName=""></Fatload>
<Fatload LDM="1" Offset="0" Scale="1" block="66" resultfile="" sim="66" subcase="1001" tabfatId="1" tabfatName=""></Fatload>
<Fatload LDM="1" Offset="0" Scale="1" block="67" resultfile="" sim="67" subcase="1001" tabfatId="1" tabfatName=""></Fatload>
<Fatload LDM="1" Offset="0" Scale="1" block="68" resultfile="" sim="68" subcase="1001" tabfatId="1" tabfatName=""></Fatload>
<Fatload LDM="1" Offset="0" Scale="1" block="69" resultfile="" sim="69" subcase="1001" tabfatId="1" tabfatName=""></Fatload>
<Fatload LDM="1" Offset="0" Scale="1" block="70" resultfile="" sim="70" subcase="1001" tabfatId="1" tabfatName=""></Fatload>
<Fatload LDM="1" Offset="0" Scale="1" block="71" resultfile="" sim="71" subcase="1001" tabfatId="1" tabfatName=""></Fatload>
<Fatload LDM="1" Offset="0" Scale="1" block="72" resultfile="" sim="72" subcase="1001" tabfatId="1" tabfatName=""></Fatload>
<Fatload LDM="1" Offset="0" Scale="1" block="73" resultfile="" sim="73" subcase="1001" tabfatId="1" tabfatName=""></Fatload>
<Fatload LDM="1" Offset="0" Scale="1" block="74" resultfile="" sim="74" subcase="1001" tabfatId="1" tabfatName=""></Fatload>
<Fatload LDM="1" Offset="0" Scale="1" block="75" resultfile="" sim="75" subcase="1001" tabfatId="1" tabfatName=""></Fatload>
<Fatload LDM="1" Offset="0" Scale="1" block="76" resultfile="" sim="76" subcase="1001" tabfatId="1" tabfatName=""></Fatload>
<Fatload LDM="1" Offset="0" Scale="1" block="77" resultfile="" sim="77" subcase="1001" tabfatId="1" tabfatName=""></Fatload>
<Fatload LDM="1" Offset="0" Scale="1" block="78" resultfile="" sim="78" subcase="1001" tabfatId="1" tabfatName=""></Fatload>
<Fatload LDM="1" Offset="0" Scale="1" block="79" resultfile="" sim="79" subcase="1001" tabfatId="1" tabfatName=""></Fatload>
<Fatload LDM="1" Offset="0" Scale="1" block="80" resultfile="" sim="80" subcase="1001" tabfatId="1" tabfatName=""></Fatload>
<Fatload LDM="1" Offset="0" Scale="1" block="81" resultfile="" sim="81" subcase="1001" tabfatId="1" tabfatName=""></Fatload>
<Fatload LDM="1" Offset="0" Scale="1" block="82" resultfile="" sim="82" subcase="1001" tabfatId="1" tabfatName=""></Fatload>
<Fatload LDM="1" Offset="0" Scale="1" block="83" resultfile="" sim="83" subcase="1001" tabfatId="1" tabfatName=""></Fatload>
<Fatload LDM="1" Offset="0" Scale="1" block="84" resultfile="" sim="84" subcase="1001" tabfatId="1" tabfatName=""></Fatload>
<Fatload LDM="1" Offset="0" Scale="1" block="85" resultfile="" sim="85" subcase="1001" tabfatId="1" tabfatName=""></Fatload>
<Fatload LDM="1" Offset="0" Scale="1" block="86" resultfile="" sim="86" subcase="1001" tabfatId="1" tabfatName=""></Fatload>
<Fatload LDM="1" Offset="0" Scale="1" block="87" resultfile="" sim="87" subcase="1001" tabfatId="1" tabfatName=""></Fatload>
<Fatload LDM="1" Offset="0" Scale="1" block="88" resultfile="" sim="88" subcase="1001" tabfatId="1" tabfatName=""></Fatload>
<Fatload LDM="1" Offset="0" Scale="1" block="89" resultfile="" sim="89" subcase="1001" tabfatId="1" tabfatName=""></Fatload>
<Fatload LDM="1" Offset="0" Scale="1" block="90" resultfile="" sim="90" subcase="1001" tabfatId="1" tabfatName=""></Fatload>
<Fatload LDM="1" Offset="0" Scale="1" block="91" resultfile="" sim="91" subcase="1001" tabfatId="1" tabfatName=""></Fatload>
<Fatload LDM="1" Offset="0" Scale="1" block="92" resultfile="" sim="92" subcase="1001" tabfatId="1" tabfatName=""></Fatload>
<Fatload LDM="1" Offset="0" Scale="1" block="93" resultfile="" sim="93" subcase="1001" tabfatId="1" tabfatName=""></Fatload>
<Fatload LDM="1" Offset="0" Scale="1" block="94" resultfile="" sim="94" subcase="1001" tabfatId="1" tabfatName=""></Fatload>
<Fatload LDM="1" Offset="0" Scale="1" block="95" resultfile="" sim="95" subcase="1001" tabfatId="1" tabfatName=""></Fatload>
<Fatload LDM="1" Offset="0" Scale="1" block="96" resultfile="" sim="96" subcase="1001" tabfatId="1" tabfatName=""></Fatload>
<Fatload LDM="1" Offset="0" Scale="1" block="97" resultfile="" sim="97" subcase="1001" tabfatId="1" tabfatName=""></Fatload>
<Fatload LDM="1" Offset="0" Scale="1" block="98" resultfile="" sim="98" subcase="1001" tabfatId="1" tabfatName=""></Fatload>
<Fatload LDM="1" Offset="0" Scale="1" block="99" resultfile="" sim="99" subcase="1001" tabfatId="1" tabfatName=""></Fatload>
<Fatload LDM="1" Offset="0" Scale="1" block="100" resultfile="" sim="100" subcase="1001" tabfatId="1" tabfatName=""></Fatload>
<Fatload LDM="1" Offset="0" Scale="1" block="101" resultfile="" sim="101" subcase="1001" tabfatId="1" tabfatName=""></Fatload>
<Fatload LDM="1" Offset="0" Scale="1" block="102" resultfile="" sim="102" subcase="1001" tabfatId="1" tabfatName=""></Fatload>
<Fatload LDM="1" Offset="0" Scale="1" block="103" resultfile="" sim="103" subcase="1001" tabfatId="1" tabfatName=""></Fatload>
<Fatload LDM="1" Offset="0" Scale="1" block="104" resultfile="" sim="104" subcase="1001" tabfatId="1" tabfatName=""></Fatload>
<Fatload LDM="1" Offset="0" Scale="1" block="105" resultfile="" sim="105" subcase="1001" tabfatId="1" tabfatName=""></Fatload>
<Fatload LDM="1" Offset="0" Scale="1" block="106" resultfile="" sim="106" subcase="1001" tabfatId="1" tabfatName=""></Fatload>
<Fatload LDM="1" Offset="0" Scale="1" block="107" resultfile="" sim="107" subcase="1001" tabfatId="1" tabfatName=""></Fatload>
<Fatload LDM="1" Offset="0" Scale="1" block="108" resultfile="" sim="108" subcase="1001" tabfatId="1" tabfatName=""></Fatload>
<Fatload LDM="1" Offset="0" Scale="1" block="109" resultfile="" sim="109" subcase="1001" tabfatId="1" tabfatName=""></Fatload>
<Fatload LDM="1" Offset="0" Scale="1" block="110" resultfile="" sim="110" subcase="1001" tabfatId="1" tabfatName=""></Fatload>
<Fatload LDM="1" Offset="0" Scale="1" block="111" resultfile="" sim="111" subcase="1001" tabfatId="1" tabfatName=""></Fatload>
<Fatload LDM="1" Offset="0" Scale="1" block="112" resultfile="" sim="112" subcase="1001" tabfatId="1" tabfatName=""></Fatload>
<Fatload LDM="1" Offset="0" Scale="1" block="113" resultfile="" sim="113" subcase="1001" tabfatId="1" tabfatName=""></Fatload>
<Fatload LDM="1" Offset="0" Scale="1" block="114" resultfile="" sim="114" subcase="1001" tabfatId="1" tabfatName=""></Fatload>
<Fatload LDM="1" Offset="0" Scale="1" block="115" resultfile="" sim="115" subcase="1001" tabfatId="1" tabfatName=""></Fatload>
<Fatload LDM="1" Offset="0" Scale="1" block="116" resultfile="" sim="116" subcase="1001" tabfatId="1" tabfatName=""></Fatload>
<Fatload LDM="1" Offset="0" Scale="1" block="117" resultfile="" sim="117" subcase="1001" tabfatId="1" tabfatName=""></Fatload>
<Fatload LDM="1" Offset="0" Scale="1" block="118" resultfile="" sim="118" subcase="1001" tabfatId="1" tabfatName=""></Fatload>
<Fatload LDM="1" Offset="0" Scale="1" block="119" resultfile="" sim="119" subcase="1001" tabfatId="1" tabfatName=""></Fatload>
<Fatload LDM="1" Offset="0" Scale="1" block="120" resultfile="" sim="120" subcase="1001" tabfatId="1" tabfatName=""></Fatload>
<Fatload LDM="1" Offset="0" Scale="1" block="121" resultfile="" sim="121" subcase="1001" tabfatId="1" tabfatName=""></Fatload>
<Fatload LDM="1" Offset="0" Scale="1" block="122" resultfile="" sim="122" subcase="1001" tabfatId="1" tabfatName=""></Fatload>
<Fatload LDM="1" Offset="0" Scale="1" block="123" resultfile="" sim="123" subcase="1001" tabfatId="1" tabfatName=""></Fatload>
<Fatload LDM="1" Offset="0" Scale="1" block="124" resultfile="" sim="124" subcase="1001" tabfatId="1" tabfatName=""></Fatload>
<Fatload LDM="1" Offset="0" Scale="1" block="125" resultfile="" sim="125" subcase="1001" tabfatId="1" tabfatName=""></Fatload>
<Fatload LDM="1" Offset="0" Scale="1" block="126" resultfile="" sim="126" subcase="1001" tabfatId="1" tabfatName=""></Fatload>
<Fatload LDM="1" Offset="0" Scale="1" block="127" resultfile="" sim="127" subcase="1001" tabfatId="1" tabfatName=""></Fatload>
<Fatload LDM="1" Offset="0" Scale="1" block="128" resultfile="" sim="128" subcase="1001" tabfatId="1" tabfatName=""></Fatload>
<Fatload LDM="1" Offset="0" Scale="1" block="129" resultfile="" sim="129" subcase="1001" tabfatId="1" tabfatName=""></Fatload>
<Fatload LDM="1" Offset="0" Scale="1" block="130" resultfile="" sim="130" subcase="1001" tabfatId="1" tabfatName=""></Fatload>
<Fatload LDM="1" Offset="0" Scale="1" block="131" resultfile="" sim="131" subcase="1001" tabfatId="1" tabfatName=""></Fatload>
<Fatload LDM="1" Offset="0" Scale="1" block="132" resultfile="" sim="132" subcase="1001" tabfatId="1" tabfatName=""></Fatload>
<Fatload LDM="1" Offset="0" Scale="1" block="133" resultfile="" sim="133" subcase="1001" tabfatId="1" tabfatName=""></Fatload>
<Fatload LDM="1" Offset="0" Scale="1" block="134" resultfile="" sim="134" subcase="1001" tabfatId="1" tabfatName=""></Fatload>
<Fatload LDM="1" Offset="0" Scale="1" block="135" resultfile="" sim="135" subcase="1001" tabfatId="1" tabfatName=""></Fatload>
<Fatload LDM="1" Offset="0" Scale="1" block="136" resultfile="" sim="136" subcase="1001" tabfatId="1" tabfatName=""></Fatload>
<Fatload LDM="1" Offset="0" Scale="1" block="137" resultfile="" sim="137" subcase="1001" tabfatId="1" tabfatName=""></Fatload>
<Fatload LDM="1" Offset="0" Scale="1" block="138" resultfile="" sim="138" subcase="1001" tabfatId="1" tabfatName=""></Fatload>
<Fatload LDM="1" Offset="0" Scale="1" block="139" resultfile="" sim="139" subcase="1001" tabfatId="1" tabfatName=""></Fatload>
<Fatload LDM="1" Offset="0" Scale="1" block="140" resultfile="" sim="140" subcase="1001" tabfatId="1" tabfatName=""></Fatload>
<Fatload LDM="1" Offset="0" Scale="1" block="141" resultfile="" sim="141" subcase="1001" tabfatId="1" tabfatName=""></Fatload>
<Fatload LDM="1" Offset="0" Scale="1" block="142" resultfile="" sim="142" subcase="1001" tabfatId="1" tabfatName=""></Fatload>
<Fatload LDM="1" Offset="0" Scale="1" block="143" resultfile="" sim="143" subcase="1001" tabfatId="1" tabfatName=""></Fatload>
<Fatload LDM="1" Offset="0" Scale="1" block="144" resultfile="" sim="144" subcase="1001" tabfatId="1" tabfatName=""></Fatload>
<Fatload LDM="1" Offset="0" Scale="1" block="145" resultfile="" sim="145" subcase="1001" tabfatId="1" tabfatName=""></Fatload>
<Fatload LDM="1" Offset="0" Scale="1" block="146" resultfile="" sim="146" subcase="1001" tabfatId="1" tabfatName=""></Fatload>
<Fatload LDM="1" Offset="0" Scale="1" block="147" resultfile="" sim="147" subcase="1001" tabfatId="1" tabfatName=""></Fatload>
<Fatload LDM="1" Offset="0" Scale="1" block="148" resultfile="" sim="148" subcase="1001" tabfatId="1" tabfatName=""></Fatload>
<Fatload LDM="1" Offset="0" Scale="1" block="149" resultfile="" sim="149" subcase="1001" tabfatId="1" tabfatName=""></Fatload>
<Fatload LDM="1" Offset="0" Scale="1" block="150" resultfile="" sim="150" subcase="1001" tabfatId="1" tabfatName=""></Fatload>
<Fatload LDM="1" Offset="0" Scale="1" block="151" resultfile="" sim="151" subcase="1001" tabfatId="1" tabfatName=""></Fatload>
<Fatload LDM="1" Offset="0" Scale="1" block="152" resultfile="" sim="152" subcase="1001" tabfatId="1" tabfatName=""></Fatload>
<Fatload LDM="1" Offset="0" Scale="1" block="153" resultfile="" sim="153" subcase="1001" tabfatId="1" tabfatName=""></Fatload>
<Fatload LDM="1" Offset="0" Scale="1" block="154" resultfile="" sim="154" subcase="1001" tabfatId="1" tabfatName=""></Fatload>
<Fatload LDM="1" Offset="0" Scale="1" block="155" resultfile="" sim="155" subcase="1001" tabfatId="1" tabfatName=""></Fatload>
<Fatload LDM="1" Offset="0" Scale="1" block="156" resultfile="" sim="156" subcase="1001" tabfatId="1" tabfatName=""></Fatload>
<Fatload LDM="1" Offset="0" Scale="1" block="157" resultfile="" sim="157" subcase="1001" tabfatId="1" tabfatName=""></Fatload>
<Fatload LDM="1" Offset="0" Scale="1" block="158" resultfile="" sim="158" subcase="1001" tabfatId="1" tabfatName=""></Fatload>
<Fatload LDM="1" Offset="0" Scale="1" block="159" resultfile="" sim="159" subcase="1001" tabfatId="1" tabfatName=""></Fatload>
<Fatload LDM="1" Offset="0" Scale="1" block="160" resultfile="" sim="160" subcase="1001" tabfatId="1" tabfatName=""></Fatload>
<Fatload LDM="1" Offset="0" Scale="1" block="161" resultfile="" sim="161" subcase="1001" tabfatId="1" tabfatName=""></Fatload>
<Fatload LDM="1" Offset="0" Scale="1" block="162" resultfile="" sim="162" subcase="1001" tabfatId="1" tabfatName=""></Fatload>
<Fatload LDM="1" Offset="0" Scale="1" block="163" resultfile="" sim="163" subcase="1001" tabfatId="1" tabfatName=""></Fatload>
<Fatload LDM="1" Offset="0" Scale="1" block="164" resultfile="" sim="164" subcase="1001" tabfatId="1" tabfatName=""></Fatload>
<Fatload LDM="1" Offset="0" Scale="1" block="165" resultfile="" sim="165" subcase="1001" tabfatId="1" tabfatName=""></Fatload>
<Fatload LDM="1" Offset="0" Scale="1" block="166" resultfile="" sim="166" subcase="1001" tabfatId="1" tabfatName=""></Fatload>
<Fatload LDM="1" Offset="0" Scale="1" block="167" resultfile="" sim="167" subcase="1001" tabfatId="1" tabfatName=""></Fatload>
<Fatload LDM="1" Offset="0" Scale="1" block="168" resultfile="" sim="168" subcase="1001" tabfatId="1" tabfatName=""></Fatload>
<Fatload LDM="1" Offset="0" Scale="1" block="169" resultfile="" sim="169" subcase="1001" tabfatId="1" tabfatName=""></Fatload>
<Fatload LDM="1" Offset="0" Scale="1" block="170" resultfile="" sim="170" subcase="1001" tabfatId="1" tabfatName=""></Fatload>
<Fatload LDM="1" Offset="0" Scale="1" block="171" resultfile="" sim="171" subcase="1001" tabfatId="1" tabfatName=""></Fatload>
<Fatload LDM="1" Offset="0" Scale="1" block="172" resultfile="" sim="172" subcase="1001" tabfatId="1" tabfatName=""></Fatload>
<Fatload LDM="1" Offset="0" Scale="1" block="173" resultfile="" sim="173" subcase="1001" tabfatId="1" tabfatName=""></Fatload>
<Fatload LDM="1" Offset="0" Scale="1" block="174" resultfile="" sim="174" subcase="1001" tabfatId="1" tabfatName=""></Fatload>
<Fatload LDM="1" Offset="0" Scale="1" block="175" resultfile="" sim="175" subcase="1001" tabfatId="1" tabfatName=""></Fatload>
<Fatload LDM="1" Offset="0" Scale="1" block="176" resultfile="" sim="176" subcase="1001" tabfatId="1" tabfatName=""></Fatload>
<Fatload LDM="1" Offset="0" Scale="1" block="177" resultfile="" sim="177" subcase="1001" tabfatId="1" tabfatName=""></Fatload>
<Fatload LDM="1" Offset="0" Scale="1" block="178" resultfile="" sim="178" subcase="1001" tabfatId="1" tabfatName=""></Fatload>
<Fatload LDM="1" Offset="0" Scale="1" block="179" resultfile="" sim="179" subcase="1001" tabfatId="1" tabfatName=""></Fatload>
<Fatload LDM="1" Offset="0" Scale="1" block="180" resultfile="" sim="180" subcase="1001" tabfatId="1" tabfatName=""></Fatload>
<Fatload LDM="1" Offset="0" Scale="1" block="181" resultfile="" sim="181" subcase="1001" tabfatId="1" tabfatName=""></Fatload>
<Fatload LDM="1" Offset="0" Scale="1" block="182" resultfile="" sim="182" subcase="1001" tabfatId="1" tabfatName=""></Fatload>
<Fatload LDM="1" Offset="0" Scale="1" block="183" resultfile="" sim="183" subcase="1001" tabfatId="1" tabfatName=""></Fatload>
<Fatload LDM="1" Offset="0" Scale="1" block="184" resultfile="" sim="184" subcase="1001" tabfatId="1" tabfatName=""></Fatload>
<Fatload LDM="1" Offset="0" Scale="1" block="185" resultfile="" sim="185" subcase="1001" tabfatId="1" tabfatName=""></Fatload>
<Fatload LDM="1" Offset="0" Scale="1" block="186" resultfile="" sim="186" subcase="1001" tabfatId="1" tabfatName=""></Fatload>
<Fatload LDM="1" Offset="0" Scale="1" block="187" resultfile="" sim="187" subcase="1001" tabfatId="1" tabfatName=""></Fatload>
<Fatload LDM="1" Offset="0" Scale="1" block="188" resultfile="" sim="188" subcase="1001" tabfatId="1" tabfatName=""></Fatload>
<Fatload LDM="1" Offset="0" Scale="1" block="189" resultfile="" sim="189" subcase="1001" tabfatId="1" tabfatName=""></Fatload>
<Fatload LDM="1" Offset="0" Scale="1" block="190" resultfile="" sim="190" subcase="1001" tabfatId="1" tabfatName=""></Fatload>
<Fatload LDM="1" Offset="0" Scale="1" block="191" resultfile="" sim="191" subcase="1001" tabfatId="1" tabfatName=""></Fatload>
<Fatload LDM="1" Offset="0" Scale="1" block="192" resultfile="" sim="192" subcase="1001" tabfatId="1" tabfatName=""></Fatload>
<Fatload LDM="1" Offset="0" Scale="1" block="193" resultfile="" sim="193" subcase="1001" tabfatId="1" tabfatName=""></Fatload>
<Fatload LDM="1" Offset="0" Scale="1" block="194" resultfile="" sim="194" subcase="1001" tabfatId="1" tabfatName=""></Fatload>
<Fatload LDM="1" Offset="0" Scale="1" block="195" resultfile="" sim="195" subcase="1001" tabfatId="1" tabfatName=""></Fatload>
<Fatload LDM="1" Offset="0" Scale="1" block="196" resultfile="" sim="196" subcase="1001" tabfatId="1" tabfatName=""></Fatload>
<Fatload LDM="1" Offset="0" Scale="1" block="197" resultfile="" sim="197" subcase="1001" tabfatId="1" tabfatName=""></Fatload>
<Fatload LDM="1" Offset="0" Scale="1" block="198" resultfile="" sim="198" subcase="1001" tabfatId="1" tabfatName=""></Fatload>
</Event>


    </FatigeEvents>
  </LoadMap>

  <Evaluate>
    <runname>loadcase</runname>
    <numprocessor>22</numprocessor>
  </Evaluate>

</HyperLifeInput>
